INSERT INTO CUSTOMER (CUS_ID, CUS_FNAME, CUS_LNAME, CUS_ADDR_LINE_1, CUS_ADDR_LINE_2, CUS_ADDR_CITY, CUS_ADDR_POSTCODE)
VALUES ('CUS101', 'Tendai', 'Ndoro', '3 Leos Place', '457 Church Str', 'Pretoria', '0002');
INSERT INTO CUSTOMER (CUS_ID, CUS_FNAME, CUS_LNAME, CUS_ADDR_LINE_1, CUS_ADDR_LINE_2, CUS_ADDR_CITY, CUS_ADDR_POSTCODE)
VALUES ('CUS102', 'Donald', 'Puttingh', '408 Oubos', '368 Prinsloo Street', 'Pretoria', '0001');
INSERT INTO CUSTOMER (CUS_ID, CUS_FNAME, CUS_LNAME, CUS_ADDR_LINE_1, CUS_ADDR_LINE_2, CUS_ADDR_CITY, CUS_ADDR_POSTCODE)
VALUES ('CUS103', 'Tracy', 'Samson', '206 Albertros', '269 Stead Avenue', 'Pretoria', '0186');
INSERT INTO CUSTOMER (CUS_ID, CUS_FNAME, CUS_LNAME, CUS_ADDR_LINE_1, CUS_ADDR_LINE_2, CUS_ADDR_CITY, CUS_ADDR_POSTCODE)
VALUES ('CUS104', 'Jacob', 'Smith', 'A201 Ocerton', '269 Debouvlrde Str', 'Pretoria', '0002');
INSERT INTO CUSTOMER (CUS_ID, CUS_FNAME, CUS_LNAME, CUS_ADDR_LINE_1, CUS_ADDR_LINE_2, CUS_ADDR_CITY, CUS_ADDR_POSTCODE)
VALUES ('CUS105', 'Thato', 'Molepo', '11 Luttig Court 289', 'Maltzan Str', 'Pretoria', '0001');
INSERT INTO CUSTOMER (CUS_ID, CUS_FNAME, CUS_LNAME, CUS_ADDR_LINE_1, CUS_ADDR_LINE_2, CUS_ADDR_CITY, CUS_ADDR_POSTCODE)
VALUES ('CUS106', 'Dakalo', 'Mudau', '1182 Cebinia Str', NULL, 'Pretoria', '0082');
       
INSERT INTO EMPLOYEE (EMP_ID, EMP_FNAME, EMP_LNAME)
VALUES ('EMP100', 'Albert', 'Malose');
INSERT INTO EMPLOYEE (EMP_ID, EMP_FNAME, EMP_LNAME)
VALUES ('EMP920', 'Chris', 'Byne');
INSERT INTO EMPLOYEE (EMP_ID, EMP_FNAME, EMP_LNAME)
VALUES ('EMP010', 'John', 'Hendriks');

INSERT INTO ORDERS (ORDER_ID, ORDER_DATE, CUS_ID, EMP_ID)
VALUES ('ORD101', 'January 21 2019', 'CUS101', 'EMP100');
INSERT INTO ORDERS (ORDER_ID, ORDER_DATE, CUS_ID, EMP_ID)
VALUES ('ORD102', 'February 7 2019', 'CUS106', 'EMP920');
INSERT INTO ORDERS (ORDER_ID, ORDER_DATE, CUS_ID, EMP_ID)
VALUES ('ORD103', 'January 3 2019', 'CUS103', 'EMP100');
INSERT INTO ORDERS (ORDER_ID, ORDER_DATE, CUS_ID, EMP_ID)
VALUES ('ORD104', 'March 2 2019', 'CUS103', 'EMP920');
INSERT INTO ORDERS (ORDER_ID, ORDER_DATE, CUS_ID, EMP_ID)
VALUES ('ORD105', 'February 20 2019', 'CUS102', 'EMP100');
INSERT INTO ORDERS (ORDER_ID, ORDER_DATE, CUS_ID, EMP_ID)
VALUES ('ORD106', 'January 17 2019', 'CUS106', 'EMP010');

